Day of Week,Views
Friday,334.0576923076923
Monday,384.52830188679246
Saturday,309.40384615384613
Sunday,353.9056603773585
Thursday,373.75
Tuesday,377.5192307692308
Wednesday,385.4807692307692
